Country Name,Country Code,year,mmr,target_next_mmr,pred_next_mmr
Africa Eastern and Southern,AFE,2018,327.0,308.0,323.0721521930126
Africa Eastern and Southern,AFE,2019,308.0,290.0,302.99157351150143
Africa Eastern and Southern,AFE,2020,290.0,312.0,284.0612340516079
Africa Eastern and Southern,AFE,2021,312.0,269.0,287.1183859362235
Africa Eastern and Southern,AFE,2022,269.0,268.0,266.3219393138679
Afghanistan,AFG,2018,629.0,601.0,609.1205141382458
Afghanistan,AFG,2019,601.0,634.0,579.4197639606051
Afghanistan,AFG,2020,634.0,660.0,583.5214972237358
Afghanistan,AFG,2021,660.0,551.0,597.5799533670066
Afghanistan,AFG,2022,551.0,521.0,555.353410776698
Africa Western and Central,AFW,2018,757.0,744.0,720.2702614451686
Africa Western and Central,AFW,2019,744.0,720.0,704.6908368947608
Africa Western and Central,AFW,2020,720.0,716.0,684.4574615481
Africa Western and Central,AFW,2021,716.0,674.0,674.4584037796276
Africa Western and Central,AFW,2022,674.0,650.0,647.3289092930456
Angola,AGO,2018,208.0,202.0,204.95018163997943
Angola,AGO,2019,202.0,195.0,195.87616956268587
Angola,AGO,2020,195.0,211.0,188.43330415669342
Angola,AGO,2021,211.0,185.0,193.59390457458633
Angola,AGO,2022,185.0,183.0,182.3829981760433
Albania,ALB,2018,7.0,7.0,10.298789875172389
Albania,ALB,2019,7.0,7.0,9.987805763923859
Albania,ALB,2020,7.0,14.0,9.678191947179215
Albania,ALB,2021,14.0,8.0,13.093975005133757
Albania,ALB,2022,8.0,7.0,11.482695596125808
Andorra,AND,2018,11.0,11.0,13.372668806487923
Andorra,AND,2019,11.0,48.0,13.488009108183974
Andorra,AND,2020,48.0,18.0,31.95916280390503
Andorra,AND,2021,18.0,17.0,24.719007496410995
Andorra,AND,2022,17.0,11.0,25.566255630385854
Arab World,ARB,2018,134.0,130.0,127.74869797822767
Arab World,ARB,2019,130.0,138.0,125.4330717042848
Arab World,ARB,2020,138.0,158.0,128.70778809448822
Arab World,ARB,2021,158.0,129.0,139.50843568838755
Arab World,ARB,2022,129.0,121.0,130.8345375292696
United Arab Emirates,ARE,2018,3.0,3.0,6.159785058747389
United Arab Emirates,ARE,2019,3.0,6.0,6.062648301223106
United Arab Emirates,ARE,2020,6.0,6.0,7.4710486074754385
United Arab Emirates,ARE,2021,6.0,2.0,8.015453911123842
United Arab Emirates,ARE,2022,2.0,3.0,6.548365579558293
Argentina,ARG,2018,38.0,36.0,39.070692707641825
Argentina,ARG,2019,36.0,40.0,37.5449104558258
Argentina,ARG,2020,40.0,76.0,39.02746174255523
Argentina,ARG,2021,76.0,39.0,57.42720504680702
Argentina,ARG,2022,39.0,33.0,47.31019080699119
Armenia,ARM,2018,24.0,23.0,25.863834236239967
Armenia,ARM,2019,23.0,43.0,25.052374731569813
Armenia,ARM,2020,43.0,57.0,34.7783043788323
Armenia,ARM,2021,57.0,27.0,45.771477267530116
Armenia,ARM,2022,27.0,19.0,37.862374008785025
Antigua and Barbuda,ATG,2018,31.0,32.0,31.511116705449467
Antigua and Barbuda,ATG,2019,32.0,35.0,32.553256813511695
Antigua and Barbuda,ATG,2020,35.0,32.0,34.175504473488274
Antigua and Barbuda,ATG,2021,32.0,36.0,33.42684977258034
Antigua and Barbuda,ATG,2022,36.0,35.0,35.332984883246496
Australia,AUS,2018,5.0,5.0,8.44244967343215
Australia,AUS,2019,5.0,5.0,8.13146556218365
Australia,AUS,2020,5.0,4.0,7.821851745439005
Australia,AUS,2021,4.0,4.0,7.222869299989156
Australia,AUS,2022,4.0,2.0,6.911885188740598
Austria,AUT,2018,7.0,7.0,9.446141049283256
Austria,AUT,2019,7.0,6.0,9.56285164548322
Austria,AUT,2020,6.0,6.0,9.176346259253677
Austria,AUT,2021,6.0,7.0,8.865362148005119
Austria,AUT,2022,7.0,6.0,9.057594019186041
Azerbaijan,AZE,2018,21.0,21.0,23.293171287353886
Azerbaijan,AZE,2019,21.0,21.0,22.982187176105384
Azerbaijan,AZE,2020,21.0,55.0,22.67257335936074
Azerbaijan,AZE,2021,55.0,32.0,39.638189991305154
Azerbaijan,AZE,2022,32.0,18.0,35.26941243811726
Burundi,BDI,2018,464.0,449.0,445.75710511805545
Burundi,BDI,2019,449.0,441.0,430.2459665494256
Burundi,BDI,2020,441.0,447.0,419.10176691666754
Burundi,BDI,2021,447.0,412.0,417.11776956859785
Burundi,BDI,2022,412.0,392.0,399.0393013822621
Belgium,BEL,2018,5.0,4.0,8.016125260487598
Belgium,BEL,2019,4.0,4.0,7.417142815037778
Belgium,BEL,2020,4.0,7.0,7.1061587037892195
Belgium,BEL,2021,7.0,11.0,8.302081950821247
Belgium,BEL,2022,11.0,4.0,10.853870006171832
Benin,BEN,2018,585.0,572.0,551.8887793664061
Benin,BEN,2019,572.0,578.0,541.2209924791363
Benin,BEN,2020,578.0,584.0,539.867574836208
Benin,BEN,2021,584.0,547.0,541.3023945587182
Benin,BEN,2022,547.0,518.0,525.1949138256158
Burkina Faso,BFA,2018,286.0,274.0,277.1349724486276
Burkina Faso,BFA,2019,274.0,334.0,265.26236330300105
Burkina Faso,BFA,2020,334.0,354.0,290.160074865675
Burkina Faso,BFA,2021,354.0,316.0,310.38096837947216
Burkina Faso,BFA,2022,316.0,242.0,308.23926610848093
Bangladesh,BGD,2018,168.0,157.0,166.54714495534927
Bangladesh,BGD,2019,157.0,152.0,156.02766002903346
Bangladesh,BGD,2020,152.0,194.0,148.73172628949123
Bangladesh,BGD,2021,194.0,131.0,166.30562400479536
Bangladesh,BGD,2022,131.0,115.0,142.51141246827774
Bulgaria,BGR,2018,7.0,6.0,9.872465462227808
Bulgaria,BGR,2019,6.0,9.0,9.273483016777988
Bulgaria,BGR,2020,9.0,9.0,10.4680359693061
Bulgaria,BGR,2021,9.0,10.0,10.799964213734171
Bulgaria,BGR,2022,10.0,6.0,11.84210432179637
Bahrain,BHR,2018,16.0,17.0,18.652320783003347
Bahrain,BHR,2019,17.0,7.0,18.843182359680384
Bahrain,BHR,2020,7.0,10.0,13.728959017404492
Bahrain,BHR,2021,10.0,5.0,13.211362845634767
Bahrain,BHR,2022,5.0,17.0,9.121769117452203
"Bahamas, The",BHS,2018,82.0,82.0,77.78129567021162
"Bahamas, The",BHS,2019,82.0,84.0,78.7506550923007
"Bahamas, The",BHS,2020,84.0,174.0,80.29464088828847
"Bahamas, The",BHS,2021,174.0,80.0,125.79131075151217
"Bahamas, The",BHS,2022,80.0,76.0,98.19189528260813
Bosnia and Herzegovina,BIH,2018,7.0,6.0,9.872465462227808
Bosnia and Herzegovina,BIH,2019,6.0,7.0,9.273483016777988
Bosnia and Herzegovina,BIH,2020,7.0,13.0,9.464344593454996
Bosnia and Herzegovina,BIH,2021,13.0,12.0,12.379652257987885
Bosnia and Herzegovina,BIH,2022,12.0,6.0,13.27623099410377
Belarus,BLR,2018,1.0,1.0,4.303444857007179
Belarus,BLR,2019,1.0,2.0,4.2063080994828965
Belarus,BLR,2020,2.0,2.0,4.611017029884124
Belarus,BLR,2021,2.0,1.0,4.727727626084061
Belarus,BLR,2022,1.0,1.0,4.341222239854517
Belize,BLZ,2018,60.0,61.0,56.29779786046373
Belize,BLZ,2019,61.0,88.0,58.62028150186356
Belize,BLZ,2020,88.0,157.0,73.13673390893463
Belize,BLZ,2021,157.0,110.0,113.65330522804805
Belize,BLZ,2022,110.0,67.0,110.46176914394388
Bolivia,BOL,2018,157.0,156.0,150.80190795001838
Bolivia,BOL,2019,156.0,218.0,149.13642932495517
Bolivia,BOL,2020,218.0,270.0,179.30244668742986
Bolivia,BOL,2021,270.0,164.0,218.34734457371658
Bolivia,BOL,2022,164.0,146.0,189.3482049614041
Brazil,BRA,2018,62.0,65.0,61.13292777480018
Brazil,BRA,2019,65.0,85.0,62.117744257115845
Brazil,BRA,2020,85.0,128.0,72.91154037849557
Brazil,BRA,2021,128.0,104.0,99.30814645391565
Brazil,BRA,2022,104.0,67.0,100.61169058072674
Barbados,BRB,2018,37.0,36.0,37.50509142911076
Barbados,BRB,2019,36.0,39.0,37.11858604288122
Barbados,BRB,2020,39.0,38.0,38.31313899540933
Barbados,BRB,2021,38.0,38.0,38.143221551911864
Barbados,BRB,2022,38.0,35.0,38.46966861832428
Brunei Darussalam,BRN,2018,39.0,38.0,39.573908690071306
Brunei Darussalam,BRN,2019,38.0,39.0,38.97492624462146
Brunei Darussalam,BRN,2020,39.0,44.0,39.165787821298466
Brunei Darussalam,BRN,2021,44.0,88.0,41.57924979790582
Brunei Darussalam,BRN,2022,88.0,36.0,64.84503713694724
Bhutan,BTN,2018,55.0,52.0,56.76598883892828
Bhutan,BTN,2019,52.0,51.0,53.45938766035303
Bhutan,BTN,2020,51.0,50.0,51.581431976069524
Bhutan,BTN,2021,50.0,49.0,50.131170999234456
Bhutan,BTN,2022,49.0,47.0,49.105864140840026
Botswana,BWA,2018,99.0,100.0,78.19332439594456
Botswana,BWA,2019,100.0,98.0,84.4075395340021
Botswana,BWA,2020,98.0,165.0,94.78184289302789
Botswana,BWA,2021,165.0,120.0,128.09314957828732
Botswana,BWA,2022,120.0,155.0,119.31577544519651
Central African Republic,CAF,2018,881.0,1650.0,883.6394144090868
Central African Republic,CAF,2019,1650.0,1296.0,1251.9604674346347
Central African Republic,CAF,2020,1296.0,1127.0,1193.6134356106961
Central African Republic,CAF,2021,1127.0,841.0,1196.3972729158
Central African Republic,CAF,2022,841.0,692.0,941.4151876681786
Canada,CAN,2018,13.0,12.0,15.015161654503913
Canada,CAN,2019,12.0,17.0,14.630026562778312
Canada,CAN,2020,17.0,14.0,17.040747950377835
Canada,CAN,2021,14.0,15.0,16.294833838477757
Canada,CAN,2022,15.0,12.0,17.12038600380788
Central Europe and the Baltics,CEB,2018,7.0,7.0,9.872465462227808
Central Europe and the Baltics,CEB,2019,7.0,8.0,9.775328704703526
Central Europe and the Baltics,CEB,2020,8.0,11.0,10.180037635104782
Central Europe and the Baltics,CEB,2021,11.0,7.0,11.802285295081361
Central Europe and the Baltics,CEB,2022,7.0,6.0,10.55178490624786
Switzerland,CHE,2018,6.0,6.0,9.156772420578022
Switzerland,CHE,2019,6.0,5.0,8.847158603833435
Switzerland,CHE,2020,5.0,4.0,8.248176158383558
Switzerland,CHE,2021,4.0,4.0,7.435346359209461
Switzerland,CHE,2022,4.0,5.0,6.911885188740598
Chile,CHL,2018,11.0,11.0,14.223947337873142
Chile,CHL,2019,11.0,12.0,13.700486167404279
Chile,CHL,2020,12.0,14.0,13.892718038585201
Chile,CHL,2021,14.0,12.0,15.013120010636243
Chile,CHL,2022,12.0,10.0,14.552463643929627
China,CHN,2018,22.0,21.0,24.86014286038889
China,CHN,2019,21.0,20.0,23.62098864827024
China,CHN,2020,20.0,21.0,22.383204730655507
China,CHN,2021,21.0,18.0,22.36158924811221
China,CHN,2022,18.0,16.0,20.760285721315142
Cote d'Ivoire,CIV,2018,449.0,429.0,431.831813015996
Cote d'Ivoire,CIV,2019,429.0,447.0,413.38923247830553
Cote d'Ivoire,CIV,2020,447.0,459.0,414.64873808143125
Cote d'Ivoire,CIV,2021,459.0,409.0,420.17346076164347
Cote d'Ivoire,CIV,2022,409.0,359.0,401.3747949184982
Cameroon,CMR,2018,354.0,336.0,344.0833481407842
Cameroon,CMR,2019,336.0,316.0,326.64171838993695
Cameroon,CMR,2020,316.0,342.0,308.83382844089965
Cameroon,CMR,2021,342.0,276.0,313.68314542898906
Cameroon,CMR,2022,276.0,258.0,281.77468328080226
"Congo, Dem. Rep.",COD,2018,508.0,493.0,481.0625939550845
"Congo, Dem. Rep.",COD,2019,493.0,489.0,469.5981115731681
"Congo, Dem. Rep.",COD,2020,489.0,507.0,461.9486341066545
"Congo, Dem. Rep.",COD,2021,507.0,456.0,466.84217442858835
"Congo, Dem. Rep.",COD,2022,456.0,427.0,444.150251717016
"Congo, Rep.",COG,2018,259.0,245.0,245.26278117954908
"Congo, Rep.",COG,2019,245.0,247.0,237.28578567067413
"Congo, Rep.",COG,2020,247.0,301.0,234.56104615920057
"Congo, Rep.",COG,2021,301.0,241.0,259.01659242802
"Congo, Rep.",COG,2022,241.0,241.0,240.78142561451216
Colombia,COL,2018,67.0,66.0,66.20147298659921
Colombia,COL,2019,66.0,94.0,65.17616612820481
Colombia,COL,2020,94.0,147.0,78.70438421965136
Colombia,COL,2021,147.0,74.0,110.98031776723955
Colombia,COL,2022,74.0,59.0,91.5317131967036
Comoros,COM,2018,209.0,202.0,202.9009323227572
Comoros,COM,2019,202.0,198.0,195.8775398571898
Comoros,COM,2020,198.0,215.0,190.1513182796904
Comoros,COM,2021,215.0,186.0,196.24282938746126
Comoros,COM,2022,186.0,179.0,184.37766445652673
Cabo Verde,CPV,2018,43.0,41.0,43.49906615277203
Cabo Verde,CPV,2019,41.0,56.0,42.18576096017634
Cabo Verde,CPV,2020,56.0,56.0,49.188614814086804
Cabo Verde,CPV,2021,56.0,42.0,51.87423424398543
Cabo Verde,CPV,2022,42.0,40.0,47.93841374380821
Costa Rica,CRI,2018,28.0,26.0,28.93771316755553
Costa Rica,CRI,2019,26.0,34.0,28.05073238790439
Costa Rica,CRI,2020,34.0,44.0,31.753143485556336
Costa Rica,CRI,2021,44.0,27.0,37.96028831864078
Costa Rica,CRI,2022,27.0,24.0,33.170064877387034
Caribbean small states,CSS,2018,75.0,75.0,73.2005093806155
Caribbean small states,CSS,2019,75.0,74.0,72.8908955638709
Caribbean small states,CSS,2020,74.0,124.0,72.29191311842104
Caribbean small states,CSS,2021,124.0,68.0,97.07321340345003
Caribbean small states,CSS,2022,68.0,65.0,79.35260874908644
Cuba,CUB,2018,39.0,40.0,39.78638574929161
Cuba,CUB,2019,40.0,40.0,39.97861762047256
Cuba,CUB,2020,40.0,172.0,40.09532821667247
Cuba,CUB,2021,172.0,41.0,106.45429932454118
Cuba,CUB,2022,41.0,35.0,68.84322814036906
Cyprus,CYP,2018,13.0,13.0,15.015161654503913
Cyprus,CYP,2019,13.0,87.0,15.131872250703879
Cyprus,CYP,2020,87.0,98.0,52.383793458890636
Cyprus,CYP,2021,98.0,53.0,73.63166344414095
Cyprus,CYP,2022,53.0,14.0,69.02709400323715
Czechia,CZE,2018,3.0,3.0,6.159785058747389
Czechia,CZE,2019,3.0,3.0,6.062648301223106
Czechia,CZE,2020,3.0,4.0,5.9655115436987955
Czechia,CZE,2021,4.0,3.0,6.370220474100023
Czechia,CZE,2022,3.0,3.0,5.985085382374422
Germany,DEU,2018,4.0,4.0,7.087955159617479
Germany,DEU,2019,4.0,4.0,6.990818402093197
Germany,DEU,2020,4.0,4.0,6.893681644568886
Germany,DEU,2021,4.0,4.0,6.7965448870445755
Germany,DEU,2022,4.0,4.0,6.699408129520265
Djibouti,DJI,2018,199.0,194.0,189.5712048328387
Djibouti,DJI,2019,194.0,192.0,185.8997137505772
Djibouti,DJI,2020,192.0,221.0,183.30469473014
Djibouti,DJI,2021,221.0,174.0,196.2710029189066
Djibouti,DJI,2022,174.0,162.0,178.36373796844362
Dominica,DMA,2018,43.0,41.0,44.562821743377555
Dominica,DMA,2019,41.0,47.0,42.39823801939664
Dominica,DMA,2020,47.0,110.0,44.67200362275685
Dominica,DMA,2021,110.0,44.0,77.04927520844703
Dominica,DMA,2022,44.0,36.0,58.57756868778526
Denmark,DNK,2018,5.0,4.0,8.016125260487598
Denmark,DNK,2019,4.0,4.0,7.417142815037778
Denmark,DNK,2020,4.0,8.0,7.1061587037892195
Denmark,DNK,2021,8.0,6.0,8.803927638746785
Denmark,DNK,2022,6.0,4.0,8.558488920268331
Dominican Republic,DOM,2018,107.0,118.0,101.83545642884563
Dominican Republic,DOM,2019,118.0,121.0,107.47521018123447
Dominican Republic,DOM,2020,121.0,153.0,111.87336255611439
Dominican Republic,DOM,2021,153.0,124.0,130.8140775248039
Dominican Republic,DOM,2022,124.0,124.0,123.64396231427521
Algeria,DZA,2018,75.0,73.0,74.26563526572494
Algeria,DZA,2019,73.0,97.0,72.31215830646045
Algeria,DZA,2020,97.0,79.0,83.40666923326023
Algeria,DZA,2021,79.0,64.0,78.98369246401707
Algeria,DZA,2022,64.0,62.0,72.6090674418609
East Asia & Pacific (excluding high income),EAP,2018,66.0,65.0,64.63176082455638
East Asia & Pacific (excluding high income),EAP,2019,65.0,74.0,63.61056484967375
East Asia & Pacific (excluding high income),EAP,2020,74.0,95.0,68.24114604819576
East Asia & Pacific (excluding high income),EAP,2021,95.0,74.0,80.39491786140586
East Asia & Pacific (excluding high income),EAP,2022,74.0,68.0,76.16210961863685
Early-demographic dividend,EAR,2018,128.0,122.0,125.80000914677595
Early-demographic dividend,EAR,2019,122.0,126.0,120.13522207853495
Early-demographic dividend,EAR,2020,126.0,162.0,119.69999865426581
Early-demographic dividend,EAR,2021,162.0,112.0,137.24983372163635
Early-demographic dividend,EAR,2022,112.0,104.0,120.60882553878835
East Asia & Pacific,EAS,2018,64.0,63.0,62.77542062281617
East Asia & Pacific,EAS,2019,63.0,72.0,61.75422464793351
East Asia & Pacific,EAS,2020,72.0,94.0,66.38480584645558
East Asia & Pacific,EAS,2021,94.0,72.0,79.04042334759119
East Asia & Pacific,EAS,2022,72.0,66.0,74.51961677062087
Europe & Central Asia (excluding high income),ECA,2018,19.0,19.0,21.436831085613676
Europe & Central Asia (excluding high income),ECA,2019,19.0,22.0,21.125846974365146
Europe & Central Asia (excluding high income),ECA,2020,22.0,26.0,22.321770221397173
Europe & Central Asia (excluding high income),ECA,2021,26.0,21.0,24.873558276747787
Europe & Central Asia (excluding high income),ECA,2022,21.0,18.0,23.760013672153633
Europe & Central Asia,ECS,2018,12.0,12.0,14.939640379522928
Europe & Central Asia,ECS,2019,12.0,16.0,14.628656268274398
Europe & Central Asia,ECS,2020,16.0,18.0,16.326425203231963
Europe & Central Asia,ECS,2021,18.0,14.0,18.08836923645572
Europe & Central Asia,ECS,2022,14.0,11.0,17.261452671558942
Ecuador,ECU,2018,61.0,62.0,61.057406499819194
Ecuador,ECU,2019,62.0,91.0,60.61083689883526
Ecuador,ECU,2020,91.0,93.0,75.06859538565583
Ecuador,ECU,2021,93.0,69.0,82.38920032120583
Ecuador,ECU,2022,69.0,55.0,76.83729647830606
"Egypt, Arab Rep.",EGY,2018,20.0,19.0,22.789955304924433
"Egypt, Arab Rep.",EGY,2019,19.0,31.0,21.552171387309727
"Egypt, Arab Rep.",EGY,2020,31.0,42.0,27.050858471947464
"Egypt, Arab Rep.",EGY,2021,42.0,24.0,34.82771546707474
"Egypt, Arab Rep.",EGY,2022,24.0,17.0,30.599401928500953
Euro area,EMU,2018,6.0,6.0,8.944295361357717
Euro area,EMU,2019,6.0,7.0,8.847158603833435
Euro area,EMU,2020,7.0,7.0,9.251867534234663
Euro area,EMU,2021,7.0,7.0,9.3685781304346
Euro area,EMU,2022,7.0,5.0,9.483918432130594
Eritrea,ERI,2018,363.0,351.0,350.52184492662445
Eritrea,ERI,2019,351.0,334.0,337.58136930688056
Eritrea,ERI,2020,334.0,338.0,322.98705466240597
Eritrea,ERI,2021,338.0,301.0,318.71217093262806
Eritrea,ERI,2022,301.0,291.0,297.2900231300098
Spain,ESP,2018,3.0,3.0,6.159785058747389
Spain,ESP,2019,3.0,4.0,6.062648301223106
Spain,ESP,2020,4.0,4.0,6.467357231624334
Spain,ESP,2021,4.0,4.0,6.584067827824271
Spain,ESP,2022,4.0,3.0,6.699408129520265
Estonia,EST,2018,5.0,6.0,8.441079378928237
Estonia,EST,2019,6.0,6.0,8.420834190888883
Estonia,EST,2020,6.0,8.0,8.537544787088791
Estonia,EST,2021,8.0,7.0,9.656576464635918
Estonia,EST,2022,7.0,5.0,9.485288726634508
Ethiopia,ETH,2018,297.0,269.0,299.6931782940478
Ethiopia,ETH,2019,269.0,244.0,271.2672904717292
Ethiopia,ETH,2020,244.0,250.0,246.26197383517783
Ethiopia,ETH,2021,250.0,207.0,237.8803697039319
Ethiopia,ETH,2022,207.0,195.0,212.17502600744635
European Union,EUU,2018,6.0,6.0,8.944295361357717
European Union,EUU,2019,6.0,7.0,8.847158603833435
European Union,EUU,2020,7.0,8.0,9.251867534234663
European Union,EUU,2021,8.0,7.0,9.870423818360138
European Union,EUU,2022,7.0,5.0,9.697765785854841
Fragile and conflict affected situations,FCS,2018,544.0,526.0,524.0628505523932
Fragile and conflict affected situations,FCS,2019,526.0,511.0,505.33128520668106
Fragile and conflict affected situations,FCS,2020,511.0,523.0,487.695376045848
Fragile and conflict affected situations,FCS,2021,523.0,477.0,486.5880901716009
Fragile and conflict affected situations,FCS,2022,477.0,458.0,462.7850641258873
Finland,FIN,2018,8.0,8.0,10.588158503877594
Finland,FIN,2019,8.0,9.0,10.703498805573645
Finland,FIN,2020,9.0,8.0,11.108207735974872
Finland,FIN,2021,8.0,8.0,10.723072644249271
Finland,FIN,2022,8.0,8.0,10.624565592221046
Fiji,FJI,2018,35.0,34.0,36.28481211052758
Fiji,FJI,2019,34.0,34.0,35.049768781920704
Fiji,FJI,2020,34.0,68.0,34.95126172989248
Fiji,FJI,2021,68.0,32.0,51.70440130261656
Fiji,FJI,2022,32.0,30.0,40.811629806396496
France,FRA,2018,9.0,8.0,11.514958310243799
France,FRA,2019,8.0,9.0,10.917346159297892
France,FRA,2020,9.0,9.0,11.320684795195206
France,FRA,2021,9.0,9.0,11.22491833217481
France,FRA,2022,9.0,7.0,11.340258633870832
"Micronesia, Fed. Sts.",FSM,2018,163.0,154.0,158.50255061996182
"Micronesia, Fed. Sts.",FSM,2019,154.0,150.0,151.75306972287305
"Micronesia, Fed. Sts.",FSM,2020,150.0,155.0,146.02410755636583
"Micronesia, Fed. Sts.",FSM,2021,155.0,144.0,145.66851629058945
"Micronesia, Fed. Sts.",FSM,2022,144.0,129.0,140.27040549762395
Gabon,GAB,2018,176.0,179.0,176.73059664866253
Gabon,GAB,2019,179.0,194.0,169.84142928929106
Gabon,GAB,2020,194.0,249.0,176.21370343806015
Gabon,GAB,2021,249.0,216.0,207.5632209999657
Gabon,GAB,2022,216.0,233.0,205.85393688403605
United Kingdom,GBR,2018,9.0,9.0,11.728805663968046
United Kingdom,GBR,2019,9.0,14.0,11.631668906443764
United Kingdom,GBR,2020,14.0,13.0,14.043760588547201
United Kingdom,GBR,2021,13.0,15.0,14.514014911718533
United Kingdom,GBR,2022,15.0,8.0,16.26910747242269
Georgia,GEO,2018,24.0,22.0,27.142807475073653
Georgia,GEO,2019,22.0,30.0,25.187960221305246
Georgia,GEO,2020,30.0,60.0,28.04046308207589
Georgia,GEO,2021,60.0,22.0,44.28452167367138
Georgia,GEO,2022,22.0,20.0,33.23248586046583
Ghana,GHA,2018,276.0,260.0,266.15208467165996
Ghana,GHA,2019,260.0,253.0,253.7608024833774
Ghana,GHA,2020,253.0,264.0,244.39194059936293
Ghana,GHA,2021,264.0,239.0,244.91854198542487
Ghana,GHA,2022,239.0,234.0,233.14024450618615
Guinea,GIN,2018,560.0,548.0,537.6291177494656
Guinea,GIN,2019,548.0,528.0,521.705741533614
Guinea,GIN,2020,528.0,533.0,504.3310274700407
Guinea,GIN,2021,533.0,500.0,499.9164473670155
Guinea,GIN,2022,500.0,494.0,480.0780984921629
"Gambia, The",GMB,2018,450.0,422.0,433.6140022372591
"Gambia, The",GMB,2019,422.0,400.0,410.9400682534323
"Gambia, The",GMB,2020,400.0,420.0,389.777536332081
"Gambia, The",GMB,2021,420.0,365.0,389.06331389296554
"Gambia, The",GMB,2022,365.0,354.0,360.9671160711737
Guinea-Bissau,GNB,2018,585.0,598.0,555.7202179048915
Guinea-Bissau,GNB,2019,598.0,603.0,555.3313656613022
Guinea-Bissau,GNB,2020,603.0,617.0,557.9737482311768
Guinea-Bissau,GNB,2021,617.0,539.0,568.7338896430956
Guinea-Bissau,GNB,2022,539.0,505.0,533.5490374756192
Equatorial Guinea,GNQ,2018,204.0,198.0,196.9824788740769
Equatorial Guinea,GNQ,2019,198.0,196.0,191.31358092232412
Equatorial Guinea,GNQ,2020,196.0,202.0,187.22985219284075
Equatorial Guinea,GNQ,2021,202.0,183.0,188.44123250009935
Equatorial Guinea,GNQ,2022,183.0,174.0,179.66715767589434
Greece,GRC,2018,5.0,5.0,8.016125260487598
Greece,GRC,2019,5.0,7.0,7.918988502963316
Greece,GRC,2020,7.0,9.0,8.82554312129011
Greece,GRC,2021,9.0,10.0,10.15979244706537
Greece,GRC,2022,10.0,5.0,11.417150203355732
Grenada,GRD,2018,46.0,48.0,45.43229792399717
Grenada,GRD,2019,48.0,51.0,46.765176955268544
Grenada,GRD,2020,51.0,52.0,48.813749028189676
Grenada,GRD,2021,52.0,50.0,50.284954138204284
Grenada,GRD,2022,50.0,48.0,50.03540453621406
Guatemala,GTM,2018,107.0,106.0,103.32690672689961
Guatemala,GTM,2019,106.0,102.0,102.09049310378882
Guatemala,GTM,2020,102.0,125.0,99.77212624083808
Guatemala,GTM,2021,125.0,97.0,110.14957383148416
Guatemala,GTM,2022,97.0,94.0,100.06933871082062
Guyana,GUY,2018,105.0,107.0,103.81466564910252
Guyana,GUY,2019,107.0,109.0,102.80207526192684
Guyana,GUY,2020,109.0,189.0,103.07393929160051
Guyana,GUY,2021,189.0,83.0,143.97710639400938
Guyana,GUY,2022,83.0,75.0,108.21706913275634
High income,HIC,2018,11.0,11.0,13.585145865708256
High income,HIC,2019,11.0,14.0,13.488009108183974
High income,HIC,2020,14.0,18.0,14.896409414436306
High income,HIC,2021,18.0,13.0,17.44819746978692
High income,HIC,2022,13.0,10.0,16.334652865192766
Honduras,HND,2018,52.0,51.0,52.4913985327679
Honduras,HND,2019,51.0,57.0,51.25361461515317
Honduras,HND,2020,57.0,88.0,53.74122757223762
Honduras,HND,2021,88.0,48.0,70.27191420353049
Honduras,HND,2022,48.0,47.0,58.00508024975741
Heavily indebted poor countries (HIPC),HPC,2018,394.0,380.0,382.0628010014776
Heavily indebted poor countries (HIPC),HPC,2019,380.0,362.0,366.20085929488414
Heavily indebted poor countries (HIPC),HPC,2020,362.0,378.0,349.8270960181543
Heavily indebted poor countries (HIPC),HPC,2021,378.0,329.0,350.9355590713179
Heavily indebted poor countries (HIPC),HPC,2022,329.0,321.0,325.84495419906375
Croatia,HRV,2018,3.0,4.0,6.586109471691941
Croatia,HRV,2019,4.0,5.0,6.776971048368978
Croatia,HRV,2020,5.0,12.0,7.1830502732741195
Croatia,HRV,2021,12.0,6.0,11.025157744173242
Croatia,HRV,2022,6.0,3.0,9.626355394385598
Haiti,HTI,2018,358.0,351.0,333.73828527312554
Haiti,HTI,2019,351.0,346.0,330.5627748800905
Haiti,HTI,2020,346.0,385.0,327.946817621411
Haiti,HTI,2021,385.0,331.0,344.8650865098198
Haiti,HTI,2022,331.0,328.0,324.9459441034593
Hungary,HUN,2018,14.0,13.0,16.15717910909825
Hungary,HUN,2019,13.0,18.0,15.770673722868736
Hungary,HUN,2020,18.0,30.0,17.968918051247954
Hungary,HUN,2021,30.0,14.0,24.75068925823112
Hungary,HUN,2022,14.0,12.0,20.252575034690437
IBRD only,IBD,2018,75.0,73.0,74.05041761749679
IBRD only,IBD,2019,73.0,79.0,71.8872041880198
IBRD only,IBD,2020,79.0,113.0,74.37344685060033
IBRD only,IBD,2021,113.0,74.0,92.19719348644952
IBRD only,IBD,2022,74.0,67.0,81.07374728177473
IDA & IBRD total,IBT,2018,221.0,216.0,211.69350411475148
IDA & IBRD total,IBT,2019,216.0,219.0,206.74441008816027
IDA & IBRD total,IBT,2020,219.0,247.0,206.2336653889101
IDA & IBRD total,IBT,2021,247.0,209.0,219.76736465837237
IDA & IBRD total,IBT,2022,209.0,202.0,207.22524884161672
IDA total,IDA,2018,421.0,405.0,407.3386113731987
IDA total,IDA,2019,405.0,390.0,390.68271476096663
IDA total,IDA,2020,390.0,404.0,374.9618397221242
IDA total,IDA,2021,404.0,361.0,375.2831993421689
IDA total,IDA,2022,361.0,352.0,353.4134050676805
IDA blend,IDB,2018,561.0,543.0,533.4482463675206
IDA blend,IDB,2019,543.0,531.0,518.1354980923885
IDA blend,IDB,2020,531.0,534.0,504.9798048244164
IDA blend,IDB,2021,534.0,500.0,499.9974498200122
IDA blend,IDB,2022,500.0,487.0,480.929377023548
Indonesia,IDN,2018,168.0,161.0,163.35176730002092
Indonesia,IDN,2019,161.0,184.0,156.76018042541375
Indonesia,IDN,2020,184.0,226.0,165.64617771800582
Indonesia,IDN,2021,226.0,148.0,190.05770957446987
Indonesia,IDN,2022,148.0,140.0,164.68517037723794
IDA only,IDX,2018,344.0,331.0,337.5748112579786
IDA only,IDX,2019,331.0,315.0,321.5690622946262
IDA only,IDX,2020,315.0,334.0,305.13797539214966
IDA only,IDX,2021,334.0,288.0,308.39214727575893
IDA only,IDX,2022,288.0,280.0,285.87357564689455
India,IND,2018,107.0,101.0,106.94723850066856
India,IND,2019,101.0,101.0,100.85612701948298
India,IND,2020,101.0,155.0,98.20104378429133
India,IND,2021,155.0,90.0,123.92871181942485
India,IND,2022,90.0,80.0,102.75936244784855
Ireland,IRL,2018,5.0,4.0,7.589800847543046
Ireland,IRL,2019,4.0,6.0,7.2046657558174445
Ireland,IRL,2020,6.0,6.0,8.109850079640324
Ireland,IRL,2021,6.0,7.0,8.227930970344175
Ireland,IRL,2022,7.0,4.0,9.057594019186041
"Iran, Islamic Rep.",IRN,2018,19.0,18.0,21.64930814483401
"Iran, Islamic Rep.",IRN,2019,18.0,34.0,20.624001286439608
"Iran, Islamic Rep.",IRN,2020,34.0,51.0,28.130071122779555
"Iran, Islamic Rep.",IRN,2021,51.0,21.0,39.77339166035708
"Iran, Islamic Rep.",IRN,2022,21.0,16.0,31.655922225903396
Iraq,IRQ,2018,76.0,74.0,77.32268684231
Iraq,IRQ,2019,74.0,63.0,73.87775958499152
Iraq,IRQ,2020,63.0,77.0,66.77024025673606
Iraq,IRQ,2021,77.0,59.0,70.92166812076223
Iraq,IRQ,2022,59.0,66.0,62.44792428129378
Iceland,ISL,2018,4.0,4.0,6.661630746672927
Iceland,ISL,2019,4.0,12.0,6.778341342872892
Iceland,ISL,2020,12.0,5.0,10.908447147973305
Iceland,ISL,2021,5.0,5.0,9.009169404764037
Iceland,ISL,2022,5.0,3.0,9.114917644932632
Israel,ISR,2018,3.0,3.0,6.159785058747389
Israel,ISR,2019,3.0,3.0,6.062648301223106
Israel,ISR,2020,3.0,3.0,5.9655115436987955
Israel,ISR,2021,3.0,3.0,5.868374786174485
Israel,ISR,2022,3.0,2.0,5.771238028650174
Italy,ITA,2018,7.0,7.0,10.298789875172389
Italy,ITA,2019,7.0,8.0,9.987805763923859
Italy,ITA,2020,8.0,7.0,10.180037635104782
Italy,ITA,2021,7.0,10.0,9.794902543379152
Italy,ITA,2022,10.0,6.0,11.20193255512757
Jamaica,JAM,2018,112.0,120.0,103.92247133904058
Jamaica,JAM,2019,120.0,126.0,109.97309244414741
Jamaica,JAM,2020,126.0,186.0,115.87267099929221
Jamaica,JAM,2021,186.0,138.0,148.86917611340894
Jamaica,JAM,2022,138.0,130.0,138.78914991423437
Jordan,JOR,2018,36.0,35.0,38.06700133179072
Jordan,JOR,2019,35.0,41.0,36.61537006045177
Jordan,JOR,2020,41.0,79.0,38.890505958315885
Jordan,JOR,2021,79.0,35.0,58.9341124050876
Jordan,JOR,2022,35.0,31.0,46.156827175682
Japan,JPN,2018,5.0,5.0,8.016125260487598
Japan,JPN,2019,5.0,4.0,7.918988502963316
Japan,JPN,2020,4.0,4.0,7.320006057513467
Japan,JPN,2021,4.0,5.0,7.009021946264909
Japan,JPN,2022,5.0,3.0,7.201253817445831
Kazakhstan,KAZ,2018,11.0,11.0,14.011470278652808
Kazakhstan,KAZ,2019,11.0,18.0,13.700486167404279
Kazakhstan,KAZ,2020,18.0,23.0,16.903792166138516
Kazakhstan,KAZ,2021,23.0,14.0,20.81281532431163
Kazakhstan,KAZ,2022,14.0,10.0,18.75564355862079
Kenya,KEN,2018,183.0,176.0,176.6341470464038
Kenya,KEN,2019,176.0,184.0,170.25777782002473
Kenya,KEN,2020,184.0,183.0,172.0410439121742
Kenya,KEN,2021,183.0,155.0,171.665500881976
Kenya,KEN,2022,155.0,149.0,159.00265398257457
Kyrgyz Republic,KGZ,2018,49.0,47.0,49.70551793565366
Kyrgyz Republic,KGZ,2019,47.0,55.0,47.754781565396996
Kyrgyz Republic,KGZ,2020,55.0,70.0,51.24471560382861
Kyrgyz Republic,KGZ,2021,70.0,44.0,59.9610888765408
Kyrgyz Republic,KGZ,2022,44.0,42.0,51.72349101257831
Cambodia,KHM,2018,151.0,149.0,146.08416587618294
Cambodia,KHM,2019,149.0,164.0,143.2780400910293
Cambodia,KHM,2020,164.0,189.0,149.4309857080585
Cambodia,KHM,2021,189.0,159.0,164.6627473360959
Cambodia,KHM,2022,159.0,137.0,158.0435796722158
Kiribati,KIR,2018,87.0,89.0,84.98009265222953
Kiribati,KIR,2019,89.0,89.0,85.67005932782428
Kiribati,KIR,2020,89.0,122.0,85.36318610008746
Kiribati,KIR,2021,122.0,86.0,102.25191116254697
Kiribati,KIR,2022,86.0,80.0,91.14529231260268
St. Kitts and Nevis,KNA,2018,78.0,74.0,74.27972203144762
St. Kitts and Nevis,KNA,2019,74.0,80.0,72.81811487789774
St. Kitts and Nevis,KNA,2020,80.0,111.0,75.72657106991107
St. Kitts and Nevis,KNA,2021,111.0,99.0,91.61982652354298
St. Kitts and Nevis,KNA,2022,99.0,74.0,93.40467183168535
"Korea, Rep.",KOR,2018,5.0,5.0,8.44244967343215
"Korea, Rep.",KOR,2019,5.0,12.0,8.13146556218365
"Korea, Rep.",KOR,2020,12.0,5.0,11.334771560917858
"Korea, Rep.",KOR,2021,5.0,7.0,9.22164646398437
"Korea, Rep.",KOR,2022,7.0,4.0,10.118609020783737
Kuwait,KWT,2018,8.0,7.0,10.800635563097927
Kuwait,KWT,2019,7.0,33.0,10.201653117648107
Kuwait,KWT,2020,33.0,75.0,22.938656892463854
Kuwait,KWT,2021,75.0,8.0,49.266593165422535
Kuwait,KWT,2022,8.0,8.0,30.05178771303264
Latin America & Caribbean (excluding high income),LAC,2018,71.0,71.0,69.27398162341083
Latin America & Caribbean (excluding high income),LAC,2019,71.0,88.0,68.96573810117016
Latin America & Caribbean (excluding high income),LAC,2020,88.0,132.0,77.61245509760053
Latin America & Caribbean (excluding high income),LAC,2021,132.0,86.0,103.23193362211248
Latin America & Caribbean (excluding high income),LAC,2022,86.0,69.0,93.07128879062472
Lao PDR,LAO,2018,145.0,137.0,144.1341067502273
Lao PDR,LAO,2019,137.0,132.0,135.76033065435698
Lao PDR,LAO,2020,132.0,139.0,129.53089309442814
Lao PDR,LAO,2021,139.0,120.0,130.17762290999892
Lao PDR,LAO,2022,120.0,112.0,120.97996426185722
Lebanon,LBN,2018,15.0,15.0,17.297826269188675
Lebanon,LBN,2019,15.0,27.0,17.200689511664393
Lebanon,LBN,2020,27.0,54.0,23.12570100924671
Lebanon,LBN,2021,54.0,15.0,39.1445660704031
Lebanon,LBN,2022,15.0,15.0,27.799050744980576
Liberia,LBR,2018,707.0,689.0,655.1240366496612
Liberia,LBR,2019,689.0,664.0,649.6112686942382
Liberia,LBR,2020,664.0,667.0,633.96864560842
Liberia,LBR,2021,667.0,634.0,626.2062750056009
Liberia,LBR,2022,634.0,628.0,604.8778461271979
Libya,LBY,2018,66.0,65.0,66.97585994849948
Libya,LBY,2019,65.0,71.0,64.67295014577533
Libya,LBY,2020,71.0,98.0,66.73560898441912
Libya,LBY,2021,98.0,60.0,81.2589128640098
Libya,LBY,2022,60.0,59.0,69.1403808711909
St. Lucia,LCA,2018,41.0,43.0,42.920328895361564
St. Lucia,LCA,2019,43.0,43.0,42.76175762857898
St. Lucia,LCA,2020,43.0,94.0,42.667361460062494
St. Lucia,LCA,2021,94.0,48.0,68.58930890518192
St. Lucia,LCA,2022,48.0,44.0,56.31348554301837
Latin America & Caribbean,LCN,2018,77.0,76.0,74.20557105097053
Latin America & Caribbean,LCN,2019,76.0,94.0,74.03291301846524
Latin America & Caribbean,LCN,2020,94.0,140.0,82.96762834909693
Latin America & Caribbean,LCN,2021,140.0,93.0,109.59216854396391
Latin America & Caribbean,LCN,2022,93.0,77.0,99.5698497912194
Least developed countries: UN classification,LDC,2018,356.0,342.0,349.13780658686056
Least developed countries: UN classification,LDC,2019,342.0,325.0,332.20525781714196
Least developed countries: UN classification,LDC,2020,325.0,344.0,315.0584778730157
Least developed countries: UN classification,LDC,2021,344.0,297.0,317.88632534368026
Least developed countries: UN classification,LDC,2022,297.0,289.0,294.65343096767015
Low income,LIC,2018,421.0,408.0,412.02817991558885
Low income,LIC,2019,408.0,396.0,394.52549947616683
Low income,LIC,2020,396.0,418.0,378.6144559108502
Low income,LIC,2021,418.0,364.0,384.229554273133
Low income,LIC,2022,364.0,346.0,359.1876674389183
Sri Lanka,LKA,2018,21.0,20.0,23.079323933629638
Sri Lanka,LKA,2019,20.0,23.0,22.267864428959513
Sri Lanka,LKA,2020,23.0,34.0,23.462417381487597
Sri Lanka,LKA,2021,34.0,22.0,29.314648193096758
Sri Lanka,LKA,2022,22.0,18.0,26.1851152490934
Lower middle income,LMC,2018,266.0,257.0,255.59141042412523
Lower middle income,LMC,2019,257.0,251.0,247.35459011249424
Lower middle income,LMC,2020,251.0,289.0,240.62193657013592
Lower middle income,LMC,2021,289.0,238.0,256.3995582984542
Lower middle income,LMC,2022,238.0,235.0,237.55962854292588
Low & middle income,LMY,2018,222.0,218.0,212.83552156934584
Low & middle income,LMY,2019,218.0,221.0,208.38690293617623
Low & middle income,LMY,2020,221.0,251.0,207.87752853143004
Low & middle income,LMY,2021,251.0,212.0,222.62739623596366
Low & middle income,LMY,2022,212.0,205.0,210.01112943873096
Lesotho,LSO,2018,491.0,467.0,459.92518574665144
Lesotho,LSO,2019,467.0,529.0,442.0783886535554
Lesotho,LSO,2020,529.0,577.0,472.85032042010084
Lesotho,LSO,2021,577.0,477.0,505.0008631926181
Lesotho,LSO,2022,477.0,478.0,478.1574082929618
Late-demographic dividend,LTE,2018,31.0,30.0,32.361024942330744
Late-demographic dividend,LTE,2019,30.0,35.0,31.54956543766059
Late-demographic dividend,LTE,2020,35.0,46.0,33.74780976603981
Late-demographic dividend,LTE,2021,46.0,39.0,40.02773528509741
Late-demographic dividend,LTE,2022,39.0,30.0,39.83238489916246
Lithuania,LTU,2018,9.0,9.0,11.942653017692265
Lithuania,LTU,2019,9.0,8.0,11.844145965664069
Lithuania,LTU,2020,8.0,9.0,11.032686460993887
Lithuania,LTU,2021,9.0,9.0,11.223548037670895
Lithuania,LTU,2022,9.0,8.0,11.127781574650498
Luxembourg,LUX,2018,9.0,12.0,13.861798023194751
Luxembourg,LUX,2019,12.0,6.0,14.412068325542322
Luxembourg,LUX,2020,6.0,6.0,10.670537146315496
Luxembourg,LUX,2021,6.0,6.0,9.927747444106728
Luxembourg,LUX,2022,6.0,11.0,8.555748331260503
Latvia,LVA,2018,23.0,22.0,24.723187076149543
Latvia,LVA,2019,22.0,21.0,24.124204630699722
Latvia,LVA,2020,21.0,42.0,23.311374831525626
Latvia,LVA,2021,42.0,29.0,33.32667310749332
Latvia,LVA,2022,29.0,19.0,30.98385977592551
Morocco,MAR,2018,83.0,79.0,83.81987754840075
Morocco,MAR,2019,79.0,81.0,79.37125891523117
Morocco,MAR,2020,81.0,92.0,78.3600388225594
Morocco,MAR,2021,92.0,71.0,83.36099110278336
Morocco,MAR,2022,71.0,70.0,75.50236990822972
Monaco,MCO,2018,6.0,6.0,8.73044800763347
Monaco,MCO,2019,6.0,24.0,8.634681544613102
Monaco,MCO,2020,24.0,5.0,17.78324422896904
Monaco,MCO,2021,5.0,5.0,12.000291767895533
Monaco,MCO,2022,5.0,5.0,11.664642355576461
Moldova,MDA,2018,20.0,21.0,22.151153832759547
Moldova,MDA,2019,21.0,29.0,22.3433857039405
Moldova,MDA,2020,29.0,24.0,26.474861803544826
Moldova,MDA,2021,24.0,19.0,25.791752495406996
Moldova,MDA,2022,19.0,19.0,23.81596700339628
Madagascar,MDG,2018,466.0,462.0,437.39399205966157
Madagascar,MDG,2019,462.0,447.0,434.435453430042
Madagascar,MDG,2020,447.0,467.0,425.31781076107654
Madagascar,MDG,2021,467.0,439.0,431.1999692193184
Madagascar,MDG,2022,439.0,445.0,418.14094438605866
Maldives,MDV,2018,40.0,39.0,40.92840320388595
Maldives,MDV,2019,39.0,48.0,40.11557340471188
Maldives,MDV,2020,48.0,60.0,44.108723425572975
Maldives,MDV,2021,60.0,34.0,51.745884047453075
Maldives,MDV,2022,34.0,32.0,43.0792211815382
"Middle East, North Africa, Afghanistan & Pakistan",MEA,2018,51.0,51.0,51.35075137267748
"Middle East, North Africa, Afghanistan & Pakistan",MEA,2019,51.0,60.0,50.827290202208616
"Middle East, North Africa, Afghanistan & Pakistan",MEA,2020,60.0,74.0,55.03428757679396
"Middle East, North Africa, Afghanistan & Pakistan",MEA,2021,74.0,50.0,63.887616633745495
"Middle East, North Africa, Afghanistan & Pakistan",MEA,2022,50.0,47.0,56.652339851130165
Mexico,MEX,2018,44.0,43.0,44.00228213520151
Mexico,MEX,2019,43.0,61.0,43.615776748971996
Mexico,MEX,2020,61.0,104.0,52.33801502038335
Mexico,MEX,2021,104.0,45.0,77.45701815147368
Mexico,MEX,2022,45.0,42.0,60.771009082449865
Marshall Islands,MHL,2018,167.0,168.0,164.34548279366115
Marshall Islands,MHL,2019,168.0,178.0,161.3341152424903
Marshall Islands,MHL,2020,178.0,206.0,163.91955800730184
Marshall Islands,MHL,2021,206.0,174.0,180.22505110815567
Marshall Islands,MHL,2022,174.0,155.0,172.1813488334956
Middle income,MIC,2018,186.0,181.0,177.50225293251947
Middle income,MIC,2019,181.0,184.0,173.4085483208252
Middle income,MIC,2020,184.0,215.0,173.7477118584563
Middle income,MIC,2021,215.0,178.0,188.78694819169522
Middle income,MIC,2022,178.0,174.0,177.38822012403784
North Macedonia,MKD,2018,3.0,3.0,6.586109471691941
North Macedonia,MKD,2019,3.0,7.0,6.275125360443411
North Macedonia,MKD,2020,7.0,12.0,7.972894295401005
North Macedonia,MKD,2021,12.0,3.0,11.240375392401376
North Macedonia,MKD,2022,3.0,3.0,8.545772449049593
Mali,MLI,2018,434.0,416.0,418.3383265048968
Mali,MLI,2019,416.0,405.0,401.107803518766
Mali,MLI,2020,405.0,415.0,387.6040477018382
Mali,MLI,2021,415.0,381.0,386.3484598666371
Mali,MLI,2022,381.0,367.0,368.98979560546286
Malta,MLT,2018,9.0,8.0,11.513588015739884
Malta,MLT,2019,8.0,10.0,10.704869100077559
Malta,MLT,2020,10.0,10.0,11.822530483120744
Malta,MLT,2021,10.0,10.0,11.940611373824595
Malta,MLT,2022,10.0,8.0,12.268428734740922
Myanmar,MMR,2018,201.0,195.0,194.62292268990723
Myanmar,MMR,2019,195.0,198.0,188.52907061971382
Myanmar,MMR,2020,198.0,231.0,186.95457032985817
Myanmar,MMR,2021,231.0,193.0,202.78502097972782
Myanmar,MMR,2022,193.0,185.0,191.3121419315934
"Middle East, North Africa, Afghanistan & Pakistan (excluding high income)",MNA,2018,149.0,146.0,144.01260802621456
"Middle East, North Africa, Afghanistan & Pakistan (excluding high income)",MNA,2019,146.0,156.0,140.49490008292292
"Middle East, North Africa, Afghanistan & Pakistan (excluding high income)",MNA,2020,156.0,171.0,144.34972402504076
"Middle East, North Africa, Afghanistan & Pakistan (excluding high income)",MNA,2021,171.0,137.0,153.2813149459811
"Middle East, North Africa, Afghanistan & Pakistan (excluding high income)",MNA,2022,137.0,131.0,141.45390569705486
Montenegro,MNE,2018,7.0,6.0,9.659988403007503
Montenegro,MNE,2019,6.0,15.0,9.273483016777988
Montenegro,MNE,2020,15.0,15.0,13.479110096859387
Montenegro,MNE,2021,15.0,13.0,15.094122463632885
Montenegro,MNE,2022,13.0,6.0,15.905587863240356
Mongolia,MNG,2018,45.0,45.0,45.78036047295288
Mongolia,MNG,2019,45.0,47.0,45.04579253776765
Mongolia,MNG,2020,47.0,63.0,45.95234715609445
Mongolia,MNG,2021,63.0,41.0,54.31243611282741
Mongolia,MNG,2022,41.0,41.0,47.021205998969435
Mozambique,MOZ,2018,159.0,134.0,166.0785602452367
Mozambique,MOZ,2019,134.0,123.0,144.2603994969902
Mozambique,MOZ,2020,123.0,180.0,127.34741867100992
Mozambique,MOZ,2021,180.0,104.0,148.19123875376738
Mozambique,MOZ,2022,104.0,99.0,119.80588122475925
Mauritania,MRT,2018,437.0,424.0,415.80268855997565
Mauritania,MRT,2019,424.0,413.0,405.1266799056822
Mauritania,MRT,2020,413.0,425.0,393.96702321269754
Mauritania,MRT,2021,425.0,385.0,394.7775120494491
Mauritania,MRT,2022,385.0,381.0,374.83546836817004
Mauritius,MUS,2018,67.0,67.0,64.28643886460847
Mauritius,MUS,2019,67.0,58.0,65.25305769768974
Mauritius,MUS,2020,58.0,80.0,60.85178680805578
Mauritius,MUS,2021,80.0,61.0,69.87062900137542
Mauritius,MUS,2022,61.0,66.0,63.03077242221602
Malawi,MWI,2018,267.0,260.0,264.3935643666824
Malawi,MWI,2019,260.0,256.0,251.1987451221983
Malawi,MWI,2020,256.0,286.0,243.9851841301567
Malawi,MWI,2021,286.0,239.0,256.60068918095965
Malawi,MWI,2022,239.0,225.0,238.48231746578034
Malaysia,MYS,2018,29.0,28.0,30.504684740590534
Malaysia,MYS,2019,28.0,29.0,29.69322523592038
Malaysia,MYS,2020,29.0,52.0,29.88408681259736
Malaysia,MYS,2021,52.0,38.0,41.330771171864654
Malaysia,MYS,2022,38.0,26.0,39.33876097826041
North America,NAC,2018,17.0,17.0,19.154166470928914
North America,NAC,2019,17.0,22.0,19.05702971340463
North America,NAC,2020,22.0,30.0,21.46912139550807
North America,NAC,2021,30.0,20.0,26.45598691000933
North America,NAC,2022,20.0,16.0,24.11355739912503
Namibia,NAM,2018,198.0,175.0,201.40947211373873
Namibia,NAM,2019,175.0,143.0,178.7005230369114
Namibia,NAM,2020,143.0,254.0,154.43867924180716
Namibia,NAM,2021,254.0,127.0,198.31632616277602
Namibia,NAM,2022,127.0,139.0,151.42257740704687
Niger,NER,2018,420.0,406.0,402.36104449660724
Niger,NER,2019,406.0,388.0,388.8459425029647
Niger,NER,2020,388.0,396.0,373.959518640777
Niger,NER,2021,396.0,361.0,371.0532161905363
Niger,NER,2022,361.0,350.0,351.2776721194459
Nigeria,NGA,2018,1118.0,1091.0,1054.0634352094517
Nigeria,NGA,2019,1091.0,1065.0,1032.5219266186916
Nigeria,NGA,2020,1065.0,1046.0,1008.503474003261
Nigeria,NGA,2021,1046.0,1016.0,987.5743573793723
Nigeria,NGA,2022,1016.0,993.0,962.8343467235926
Nicaragua,NIC,2018,67.0,69.0,68.7566788752587
Nicaragua,NIC,2019,69.0,87.0,67.53161142886273
Nicaragua,NIC,2020,87.0,124.0,75.83300646534522
Nicaragua,NIC,2021,124.0,61.0,98.57836664654319
Nicaragua,NIC,2022,61.0,60.0,78.60189070347175
Netherlands,NLD,2018,5.0,5.0,8.016125260487598
Netherlands,NLD,2019,5.0,4.0,7.918988502963316
Netherlands,NLD,2020,4.0,5.0,7.320006057513467
Netherlands,NLD,2021,5.0,4.0,7.510867634190447
Netherlands,NLD,2022,4.0,4.0,6.913255483244512
Norway,NOR,2018,2.0,2.0,5.2316149578772695
Norway,NOR,2019,2.0,2.0,5.134478200352987
Norway,NOR,2020,2.0,2.0,5.0373414428286765
Norway,NOR,2021,2.0,3.0,4.940204685304366
Norway,NOR,2022,3.0,1.0,5.344913615705622
Nepal,NPL,2018,183.0,170.0,182.81105500333615
Nepal,NPL,2019,170.0,153.0,169.58395134389497
Nepal,NPL,2020,153.0,173.0,155.20074346413668
Nepal,NPL,2021,173.0,139.0,158.74291368194721
Nepal,NPL,2022,139.0,142.0,142.24786060269346
Nauru,NRU,2018,269.0,267.0,246.45254010932712
Nauru,NRU,2019,267.0,309.0,249.82743316461762
Nauru,NRU,2020,309.0,266.0,272.50489118472115
Nauru,NRU,2021,266.0,317.0,259.3850245843755
Nauru,NRU,2022,317.0,273.0,284.6106181881655
New Zealand,NZL,2018,7.0,8.0,10.298789875172389
New Zealand,NZL,2019,8.0,8.0,10.489651451849397
New Zealand,NZL,2020,8.0,8.0,10.393884988829
New Zealand,NZL,2021,8.0,23.0,10.509225290525023
New Zealand,NZL,2022,23.0,7.0,17.939773851883984
OECD members,OED,2018,18.0,18.0,20.082336571799004
OECD members,OED,2019,18.0,24.0,19.985199814274722
OECD members,OED,2020,24.0,35.0,22.899137184303726
OECD members,OED,2021,35.0,21.0,29.605387116305906
OECD members,OED,2022,21.0,17.0,26.109593974112414
Oman,OMN,2018,14.0,14.0,16.369656168318585
Oman,OMN,2019,14.0,32.0,16.272519410794303
Oman,OMN,2020,32.0,74.0,25.208605035929907
Oman,OMN,2021,74.0,13.0,50.038239538315
Oman,OMN,2022,13.0,13.0,32.134691739715805
Other small states,OSS,2018,121.0,113.0,121.85665403484079
Other small states,OSS,2019,113.0,122.0,113.27177117425404
Other small states,OSS,2020,122.0,149.0,114.28065030450324
Other small states,OSS,2021,149.0,116.0,127.95815683072436
Other small states,OSS,2022,116.0,103.0,118.98628445519418
Pakistan,PAK,2018,178.0,173.0,173.05979272166658
Pakistan,PAK,2019,173.0,178.0,167.25804986918624
Pakistan,PAK,2020,178.0,193.0,167.32604242734658
Pakistan,PAK,2021,193.0,160.0,174.76344246122514
Pakistan,PAK,2022,160.0,155.0,162.3754936041228
Panama,PAN,2018,43.0,41.0,44.991886745329936
Panama,PAN,2019,41.0,74.0,43.035669197057615
Panama,PAN,2020,74.0,59.0,58.22183719674672
Panama,PAN,2021,59.0,40.0,57.229023674798356
Panama,PAN,2022,40.0,37.0,51.400851495095566
Peru,PER,2018,66.0,60.0,65.48577994494943
Peru,PER,2019,60.0,75.0,61.738767587706946
Peru,PER,2020,75.0,141.0,67.67375496750017
Peru,PER,2021,141.0,81.0,102.63128156360382
Peru,PER,2022,81.0,51.0,89.72448476465095
Philippines,PHL,2018,92.0,92.0,88.75870226916354
Philippines,PHL,2019,92.0,88.0,87.39492492334084
Philippines,PHL,2020,88.0,153.0,86.56526776943625
Philippines,PHL,2021,153.0,92.0,118.23271131217577
Philippines,PHL,2022,92.0,84.0,100.57315734638703
Palau,PLW,2018,82.0,84.0,78.63257420159684
Palau,PLW,2019,84.0,117.0,79.96682352737213
Palau,PLW,2020,117.0,109.0,97.2832432972801
Palau,PLW,2021,109.0,121.0,100.65325782769187
Palau,PLW,2022,121.0,89.0,111.87923344975084
Papua New Guinea,PNG,2018,205.0,199.0,195.9901336749406
Papua New Guinea,PNG,2019,199.0,194.0,190.96688866787233
Papua New Guinea,PNG,2020,194.0,223.0,186.6524852299342
Papua New Guinea,PNG,2021,223.0,189.0,198.76477429830777
Papua New Guinea,PNG,2022,189.0,189.0,186.744072113216
Poland,POL,2018,2.0,2.0,5.2316149578772695
Poland,POL,2019,2.0,3.0,5.134478200352987
Poland,POL,2020,3.0,2.0,5.539187130754243
Poland,POL,2021,2.0,2.0,5.154052039028613
Poland,POL,2022,2.0,2.0,5.055544987000388
Pre-demographic dividend,PRE,2018,546.0,528.0,526.7690989910149
Pre-demographic dividend,PRE,2019,528.0,507.0,507.18762540842135
Pre-demographic dividend,PRE,2020,507.0,516.0,486.54064212003493
Pre-demographic dividend,PRE,2021,516.0,472.0,482.6447350596659
Pre-demographic dividend,PRE,2022,472.0,461.0,457.9289959733086
Puerto Rico (US),PRI,2018,14.0,13.0,17.223675288711604
Puerto Rico (US),PRI,2019,13.0,11.0,16.408104900529707
Puerto Rico (US),PRI,2020,11.0,50.0,14.455998235769101
Puerto Rico (US),PRI,2021,50.0,55.0,33.29067154067246
Puerto Rico (US),PRI,2022,55.0,11.0,43.61785589958052
"Korea, Dem. People's Rep.",PRK,2018,69.0,66.0,68.0578131883394
"Korea, Dem. People's Rep.",PRK,2019,66.0,66.0,66.02881495409392
"Korea, Dem. People's Rep.",PRK,2020,66.0,72.0,65.07765907617659
"Korea, Dem. People's Rep.",PRK,2021,72.0,67.0,67.35416526854462
"Korea, Dem. People's Rep.",PRK,2022,67.0,67.0,66.03088419373796
Portugal,PRT,2018,14.0,15.0,15.730854696153699
Portugal,PRT,2019,15.0,14.0,16.561888039499536
Portugal,PRT,2020,14.0,19.0,16.38923000699421
Portugal,PRT,2021,19.0,16.0,18.799951394593762
Portugal,PRT,2022,16.0,15.0,18.054037282693656
Paraguay,PRY,2018,58.0,58.0,57.63409472504398
Paraguay,PRY,2019,58.0,69.0,57.11200384907906
Paraguay,PRY,2020,69.0,140.0,62.53516965873581
Paraguay,PRY,2021,140.0,78.0,100.42139763489222
Paraguay,PRY,2022,78.0,58.0,86.73023799182815
West Bank and Gaza,PSE,2018,19.0,18.0,22.288109616998867
West Bank and Gaza,PSE,2019,18.0,20.0,20.836478345659913
West Bank and Gaza,PSE,2020,20.0,29.0,21.10423149182185
West Bank and Gaza,PSE,2021,29.0,17.0,25.73892357385563
West Bank and Gaza,PSE,2022,17.0,16.0,21.9692188631835
Pacific island small states,PSS,2018,98.0,97.0,95.40107052651712
Pacific island small states,PSS,2019,97.0,98.0,94.16191631439848
Pacific island small states,PSS,2020,98.0,119.0,93.92782377263487
Pacific island small states,PSS,2021,119.0,95.0,104.37081675605103
Pacific island small states,PSS,2022,95.0,90.0,96.9326549757428
Post-demographic dividend,PST,2018,11.0,11.0,13.585145865708256
Post-demographic dividend,PST,2019,11.0,14.0,13.488009108183974
Post-demographic dividend,PST,2020,14.0,18.0,14.896409414436306
Post-demographic dividend,PST,2021,18.0,13.0,17.44819746978692
Post-demographic dividend,PST,2022,13.0,10.0,16.334652865192766
Qatar,QAT,2018,5.0,5.0,8.016125260487598
Qatar,QAT,2019,5.0,6.0,7.918988502963316
Qatar,QAT,2020,6.0,7.0,8.323697433364572
Qatar,QAT,2021,7.0,8.0,8.942253717490047
Qatar,QAT,2022,8.0,4.0,9.773287060835827
Romania,ROU,2018,15.0,14.0,18.15047509507781
Romania,ROU,2019,14.0,16.0,17.123797942179493
Romania,ROU,2020,16.0,20.0,17.3915510883414
Romania,ROU,2021,20.0,13.0,19.517014730747462
Romania,ROU,2022,13.0,12.0,17.18730169108187
Russian Federation,RUS,2018,12.0,12.0,14.938270085019013
Russian Federation,RUS,2019,12.0,19.0,14.416179209054093
Russian Federation,RUS,2020,19.0,21.0,17.831962267008635
Russian Federation,RUS,2021,21.0,13.0,20.235448361405076
Russian Federation,RUS,2022,13.0,9.0,18.03858022246706
Rwanda,RWA,2018,269.0,261.0,256.2484095455245
Rwanda,RWA,2019,261.0,252.0,250.21599198458944
Rwanda,RWA,2020,252.0,254.0,242.6166028506194
Rwanda,RWA,2021,254.0,234.0,239.89871481166543
Rwanda,RWA,2022,234.0,229.0,228.2800654700957
South Asia,SAS,2018,148.0,142.0,145.42853704928757
South Asia,SAS,2019,142.0,145.0,139.12357821437777
South Asia,SAS,2020,145.0,194.0,137.76155498374243
South Asia,SAS,2021,194.0,130.0,161.6215366404209
South Asia,SAS,2022,130.0,120.0,140.52222736580995
Saudi Arabia,SAU,2018,8.0,8.0,10.800635563097927
Saudi Arabia,SAU,2019,8.0,11.0,10.703498805573645
Saudi Arabia,SAU,2020,11.0,12.0,12.111899111825977
Saudi Arabia,SAU,2021,12.0,9.0,13.158150103399947
Saudi Arabia,SAU,2022,9.0,7.0,12.406754813484184
Sudan,SDN,2018,268.0,262.0,258.2990291572507
Sudan,SDN,2019,262.0,273.0,250.92894443723142
Sudan,SDN,2020,273.0,305.0,253.15673259155986
Sudan,SDN,2021,305.0,263.0,270.19611638329786
Sudan,SDN,2022,263.0,256.0,258.2018237034995
Senegal,SEN,2018,305.0,286.0,299.2431849648177
Senegal,SEN,2019,286.0,252.0,281.08449187781673
Senegal,SEN,2020,252.0,263.0,255.6119608256568
Senegal,SEN,2021,263.0,228.0,249.7272524835034
Senegal,SEN,2022,228.0,237.0,227.19361752606056
Singapore,SGP,2018,8.0,7.0,10.800635563097927
Singapore,SGP,2019,7.0,13.0,10.201653117648107
Singapore,SGP,2020,13.0,20.0,12.901743133952863
Singapore,SGP,2021,20.0,34.0,17.3881332550325
Singapore,SGP,2022,34.0,6.0,27.088629959857485
Solomon Islands,SLB,2018,136.0,135.0,131.949137303911
Solomon Islands,SLB,2019,135.0,131.0,129.85733426590326
Solomon Islands,SLB,2020,131.0,153.0,126.6890591660712
Solomon Islands,SLB,2021,153.0,126.0,136.56466106879174
Solomon Islands,SLB,2022,126.0,123.0,126.7724242823295
Sierra Leone,SLE,2018,491.0,464.0,507.8832564666544
Sierra Leone,SLE,2019,464.0,422.0,463.94532810401404
Sierra Leone,SLE,2020,422.0,403.0,418.5112897508943
Sierra Leone,SLE,2021,403.0,370.0,394.16061546741787
Sierra Leone,SLE,2022,370.0,354.0,364.5154348003364
El Salvador,SLV,2018,43.0,40.0,43.50043644727597
El Salvador,SLV,2019,40.0,48.0,41.896392331471105
El Salvador,SLV,2020,48.0,58.0,44.960001956958166
El Salvador,SLV,2021,58.0,39.0,50.9546697308223
El Salvador,SLV,2022,39.0,39.0,45.160754913717454
San Marino,SMR,2018,7.0,7.0,9.872465462227808
San Marino,SMR,2019,7.0,46.0,9.775328704703526
San Marino,SMR,2020,46.0,35.0,29.250173776275716
San Marino,SMR,2021,35.0,22.0,31.9727812468156
San Marino,SMR,2022,22.0,8.0,31.285934964885
"Somalia, Fed. Rep.",SOM,2018,727.0,656.0,681.5394977966879
"Somalia, Fed. Rep.",SOM,2019,656.0,655.0,640.0895098370439
"Somalia, Fed. Rep.",SOM,2020,655.0,726.0,626.6446129285968
"Somalia, Fed. Rep.",SOM,2021,726.0,622.0,646.8788014554196
"Somalia, Fed. Rep.",SOM,2022,622.0,563.0,609.5603982088385
Serbia,SRB,2018,12.0,12.0,14.939640379522928
Serbia,SRB,2019,12.0,16.0,14.628656268274398
Serbia,SRB,2020,16.0,26.0,16.326425203231963
Serbia,SRB,2021,26.0,14.0,22.10313473986011
Serbia,SRB,2022,14.0,11.0,18.972231501352866
Sub-Saharan Africa (excluding high income),SSA,2018,529.0,512.0,510.3514058040581
Sub-Saharan Africa (excluding high income),SSA,2019,512.0,490.0,491.69810232233465
Sub-Saharan Africa (excluding high income),SSA,2020,490.0,502.0,470.9755977589672
Sub-Saharan Africa (excluding high income),SSA,2021,502.0,459.0,468.58385746787087
Sub-Saharan Africa (excluding high income),SSA,2022,459.0,449.0,444.7990290713917
South Sudan,SSD,2018,913.0,745.0,1163.0998191917492
South Sudan,SSD,2019,745.0,729.0,925.5326818775492
South Sudan,SSD,2020,729.0,749.0,722.3343413315241
South Sudan,SSD,2021,749.0,704.0,693.1564147239093
South Sudan,SSD,2022,704.0,692.0,671.3535361366949
Sub-Saharan Africa,SSF,2018,526.0,507.0,507.9918496198884
Sub-Saharan Africa,SSF,2019,507.0,486.0,487.90990064387324
Sub-Saharan Africa,SSF,2020,486.0,501.0,467.26154706098293
Sub-Saharan Africa,SSF,2021,501.0,455.0,466.1642370689468
Sub-Saharan Africa,SSF,2022,455.0,448.0,441.72789072908404
Small states,SST,2018,108.0,102.0,107.23523683486988
Small states,SST,2019,102.0,108.0,101.35934300191245
Small states,SST,2020,108.0,138.0,102.14028801271475
Small states,SST,2021,138.0,102.0,117.10674365998047
Small states,SST,2022,102.0,93.0,106.63344510418537
Sao Tome and Principe,STP,2018,100.0,95.0,102.36782250557636
Sao Tome and Principe,STP,2019,95.0,92.0,95.71069023819906
Sao Tome and Principe,STP,2020,92.0,98.0,90.91400905607372
Sao Tome and Principe,STP,2021,98.0,82.0,92.12401906882839
Sao Tome and Principe,STP,2022,82.0,75.0,84.64300424917974
Suriname,SUR,2018,101.0,97.0,99.67566083267751
Suriname,SUR,2019,97.0,94.0,95.8658436716728
Suriname,SUR,2020,94.0,144.0,92.55787219859361
Suriname,SUR,2021,144.0,88.0,116.06156953929285
Suriname,SUR,2022,88.0,84.0,97.91601076648861
Slovak Republic,SVK,2018,5.0,5.0,8.016125260487598
Slovak Republic,SVK,2019,5.0,4.0,7.918988502963316
Slovak Republic,SVK,2020,4.0,12.0,7.320006057513467
Slovak Republic,SVK,2021,12.0,5.0,11.023787449669328
Slovak Republic,SVK,2022,5.0,4.0,8.912032647239727
Slovenia,SVN,2018,4.0,4.0,7.51427957256206
Slovenia,SVN,2019,4.0,12.0,7.20329546131353
Slovenia,SVN,2020,12.0,8.0,10.908447147973305
Slovenia,SVN,2021,8.0,15.0,10.51470646854068
Slovenia,SVN,2022,15.0,3.0,14.774916585360842
Sweden,SWE,2018,5.0,4.0,8.016125260487598
Sweden,SWE,2019,4.0,5.0,7.417142815037778
Sweden,SWE,2020,5.0,5.0,7.608004391714758
Sweden,SWE,2021,5.0,5.0,7.51223792869439
Sweden,SWE,2022,5.0,4.0,7.627578230390384
Eswatini,SWZ,2018,133.0,96.0,147.66931527652335
Eswatini,SWZ,2019,96.0,102.0,111.98105802705759
Eswatini,SWZ,2020,102.0,219.0,103.15805624332403
Eswatini,SWZ,2021,219.0,112.0,155.19829790428273
Eswatini,SWZ,2022,112.0,118.0,127.69867527978221
Seychelles,SYC,2018,49.0,48.0,48.00296087288325
Seychelles,SYC,2019,48.0,51.0,47.831673134881896
Seychelles,SYC,2020,51.0,74.0,49.45118020585065
Seychelles,SYC,2021,74.0,89.0,61.32555927256638
Seychelles,SYC,2022,89.0,42.0,74.31202814724375
Syrian Arab Republic,SYR,2018,21.0,24.0,23.719495700298438
Syrian Arab Republic,SYR,2019,24.0,23.0,24.70020129910236
Syrian Arab Republic,SYR,2020,23.0,30.0,24.31780679638456
Syrian Arab Republic,SYR,2021,30.0,21.0,28.157173678275825
Syrian Arab Republic,SYR,2022,21.0,20.0,24.8278801462709
Chad,TCD,2018,1020.0,958.0,988.0187633276191
Chad,TCD,2019,958.0,877.0,932.70821708406
Chad,TCD,2020,877.0,869.0,864.8920348243424
Chad,TCD,2021,869.0,775.0,830.2849192400909
Chad,TCD,2022,775.0,748.0,764.092867190925
East Asia & Pacific (IDA & IBRD countries),TEA,2018,66.0,65.0,64.63176082455638
East Asia & Pacific (IDA & IBRD countries),TEA,2019,65.0,74.0,63.61056484967375
East Asia & Pacific (IDA & IBRD countries),TEA,2020,74.0,96.0,68.24114604819576
East Asia & Pacific (IDA & IBRD countries),TEA,2021,96.0,74.0,80.8967635493314
East Asia & Pacific (IDA & IBRD countries),TEA,2022,74.0,68.0,76.37595697236108
Europe & Central Asia (IDA & IBRD countries),TEC,2018,16.0,16.0,18.438473429279128
Europe & Central Asia (IDA & IBRD countries),TEC,2019,16.0,20.0,18.128859612534512
Europe & Central Asia (IDA & IBRD countries),TEC,2020,20.0,23.0,20.03910560671241
Europe & Central Asia (IDA & IBRD countries),TEC,2021,23.0,17.0,22.302895327861705
Europe & Central Asia (IDA & IBRD countries),TEC,2022,17.0,14.0,20.68613474083807
Togo,TGO,2018,435.0,416.0,414.1519739449361
Togo,TGO,2019,416.0,398.0,399.196880280287
Togo,TGO,2020,398.0,397.0,384.30360494557965
Togo,TGO,2021,397.0,362.0,375.8183060079075
Togo,TGO,2022,362.0,349.0,354.11813575329893
Thailand,THA,2018,34.0,34.0,34.93305818572074
Thailand,THA,2019,34.0,36.0,34.83592142819646
Thailand,THA,2020,36.0,38.0,35.74247604652325
Thailand,THA,2021,38.0,112.0,37.07672537229851
Thailand,THA,2022,112.0,34.0,74.96881834715408
Tajikistan,TJK,2018,16.0,16.0,19.28975196066432
Tajikistan,TJK,2019,16.0,25.0,18.341336671754817
Tajikistan,TJK,2020,25.0,25.0,22.54833404634016
Tajikistan,TJK,2021,25.0,14.0,24.37582347233399
Tajikistan,TJK,2022,14.0,14.0,20.670677680611504
Turkmenistan,TKM,2018,5.0,5.0,8.228602319707932
Turkmenistan,TKM,2019,5.0,5.0,7.918988502963316
Turkmenistan,TKM,2020,5.0,6.0,7.821851745439005
Turkmenistan,TKM,2021,6.0,5.0,8.226560675840261
Turkmenistan,TKM,2022,5.0,5.0,7.841425584114631
Latin America & the Caribbean (IDA & IBRD countries),TLA,2018,76.0,75.0,73.48987800932073
Latin America & the Caribbean (IDA & IBRD countries),TLA,2019,75.0,92.0,73.10474291759513
Latin America & the Caribbean (IDA & IBRD countries),TLA,2020,92.0,133.0,81.53761256030128
Latin America & the Caribbean (IDA & IBRD countries),TLA,2021,133.0,90.0,105.43907696181626
Latin America & the Caribbean (IDA & IBRD countries),TLA,2022,90.0,75.0,96.14242713293245
Timor-Leste,TLS,2018,251.0,237.0,247.84439657350208
Timor-Leste,TLS,2019,237.0,257.0,233.04758075201806
Timor-Leste,TLS,2020,257.0,263.0,236.16890773489965
Timor-Leste,TLS,2021,263.0,235.0,240.3851133503289
Timor-Leste,TLS,2022,235.0,192.0,231.76892263764103
"Middle East, North Africa, Afghanistan & Pakistan (IDA & IBRD)",TMN,2018,150.0,147.0,145.15462548080893
"Middle East, North Africa, Afghanistan & Pakistan (IDA & IBRD)",TMN,2019,147.0,157.0,141.63554724301335
"Middle East, North Africa, Afghanistan & Pakistan (IDA & IBRD)",TMN,2020,157.0,172.0,145.27789412591088
"Middle East, North Africa, Afghanistan & Pakistan (IDA & IBRD)",TMN,2021,172.0,138.0,154.2094850468512
"Middle East, North Africa, Afghanistan & Pakistan (IDA & IBRD)",TMN,2022,138.0,132.0,142.38207579792493
Tonga,TON,2018,74.0,73.0,73.55131251857907
Tonga,TON,2019,73.0,74.0,72.09831095273621
Tonga,TON,2020,74.0,76.0,71.65174135175225
Tonga,TON,2021,76.0,72.0,72.55966626458296
Tonga,TON,2022,72.0,67.0,71.09531852202522
South Asia (IDA & IBRD),TSA,2018,114.0,108.0,113.87075361970388
South Asia (IDA & IBRD),TSA,2019,108.0,107.0,107.56579478479406
South Asia (IDA & IBRD),TSA,2020,107.0,159.0,104.19638880245655
South Asia (IDA & IBRD),TSA,2021,159.0,95.0,128.7065181080147
South Asia (IDA & IBRD),TSA,2022,95.0,85.0,107.39884265769518
Sub-Saharan Africa (IDA & IBRD countries),TSS,2018,507.0,488.0,490.3566177033563
Sub-Saharan Africa (IDA & IBRD countries),TSS,2019,488.0,465.0,470.27466872734124
Sub-Saharan Africa (IDA & IBRD countries),TSS,2020,465.0,477.0,448.62262376859985
Sub-Saharan Africa (IDA & IBRD countries),TSS,2021,477.0,434.0,445.5920820053385
Sub-Saharan Africa (IDA & IBRD countries),TSS,2022,434.0,424.0,421.59477654963905
Trinidad and Tobago,TTO,2018,53.0,53.0,51.7156412763637
Trinidad and Tobago,TTO,2019,53.0,35.0,52.04619922628788
Trinidad and Tobago,TTO,2020,35.0,54.0,43.340794204544295
Trinidad and Tobago,TTO,2021,54.0,30.0,48.92947315056918
Trinidad and Tobago,TTO,2022,30.0,54.0,37.0265525376264
Tunisia,TUN,2018,38.0,37.0,38.85821564842152
Tunisia,TUN,2019,37.0,40.0,38.04675614375134
Tunisia,TUN,2020,40.0,65.0,39.24130909627945
Tunisia,TUN,2021,65.0,38.0,52.11937953884629
Tunisia,TUN,2022,38.0,36.0,44.45602422809901
Turkiye,TUR,2018,17.0,17.0,19.79296794309377
Turkiye,TUR,2019,17.0,19.0,19.269506772624936
Turkiye,TUR,2020,19.0,20.0,19.963584331731425
Turkiye,TUR,2021,20.0,21.0,20.79598796958112
Turkiye,TUR,2022,21.0,15.0,21.839498372147233
Tuvalu,TUV,2018,153.0,155.0,152.84666256304536
Tuvalu,TUV,2019,155.0,206.0,150.1164418735562
Tuvalu,TUV,2020,206.0,157.0,172.2165428417177
Tuvalu,TUV,2021,157.0,220.0,158.86013653421816
Tuvalu,TUV,2022,220.0,170.0,190.73708780375225
Tanzania,TZA,2018,319.0,292.0,321.38230169049643
Tanzania,TZA,2019,292.0,160.0,291.33897014191575
Tanzania,TZA,2020,160.0,162.0,213.69992048793605
Tanzania,TZA,2021,162.0,152.0,180.64174381571485
Tanzania,TZA,2022,152.0,276.0,147.90687306930124
Uganda,UGA,2018,232.0,219.0,230.2036834789543
Uganda,UGA,2019,219.0,209.0,215.06428628653026
Uganda,UGA,2020,209.0,216.0,204.19399822225085
Uganda,UGA,2021,216.0,184.0,202.70910597309884
Uganda,UGA,2022,184.0,170.0,185.9250680858234
Ukraine,UKR,2018,16.0,16.0,18.438473429279128
Ukraine,UKR,2019,16.0,18.0,18.128859612534512
Ukraine,UKR,2020,18.0,26.0,19.035414230861306
Ukraine,UKR,2021,26.0,16.0,23.38073768418988
Ukraine,UKR,2022,16.0,15.0,20.40087699564461
Upper middle income,UMC,2018,56.0,55.0,55.56390716957955
Upper middle income,UMC,2019,55.0,67.0,54.54134090019298
Upper middle income,UMC,2020,67.0,93.0,60.46498210327135
Upper middle income,UMC,2021,93.0,66.0,75.7695244172819
Upper middle income,UMC,2022,66.0,57.0,70.23230999324173
Uruguay,URY,2018,16.0,16.0,18.225996370058795
Uruguay,URY,2019,16.0,20.0,18.128859612534512
Uruguay,URY,2020,20.0,49.0,20.03910560671241
Uruguay,URY,2021,49.0,20.0,35.35088321392601
Uruguay,URY,2022,20.0,15.0,27.751703001444895
United States,USA,2018,18.0,18.0,20.082336571799004
United States,USA,2019,18.0,22.0,19.985199814274722
United States,USA,2020,22.0,31.0,21.89544580845262
United States,USA,2021,31.0,20.0,27.17030965715523
United States,USA,2022,20.0,17.0,24.327404752849276
Uzbekistan,UZB,2018,29.0,29.0,30.931009153535086
Uzbekistan,UZB,2019,29.0,29.0,30.40754798306625
Uzbekistan,UZB,2020,29.0,28.0,30.097934166321608
Uzbekistan,UZB,2021,28.0,27.0,29.49895172087176
Uzbekistan,UZB,2022,27.0,26.0,28.686121921697662
St. Vincent and the Grenadines,VCT,2018,56.0,58.0,54.93058687543032
St. Vincent and the Grenadines,VCT,2019,58.0,57.0,56.68430914163059
St. Vincent and the Grenadines,VCT,2020,57.0,105.0,56.08806728518857
St. Vincent and the Grenadines,VCT,2021,105.0,56.0,80.29063031280708
St. Vincent and the Grenadines,VCT,2022,56.0,56.0,65.65525076647387
"Venezuela, RB",VEN,2018,205.0,202.0,182.37515835079316
"Venezuela, RB",VEN,2019,202.0,207.0,189.92270102100514
"Venezuela, RB",VEN,2020,207.0,251.0,193.81802123413905
"Venezuela, RB",VEN,2021,251.0,219.0,216.23390033629923
"Venezuela, RB",VEN,2022,219.0,227.0,210.54937042512532
Viet Nam,VNM,2018,53.0,52.0,53.63341598736224
Viet Nam,VNM,2019,52.0,51.0,52.39426177524362
Viet Nam,VNM,2020,51.0,52.0,51.15647785762886
Viet Nam,VNM,2021,52.0,49.0,51.13486237508556
Viet Nam,VNM,2022,49.0,48.0,49.53355884828849
Vanuatu,VUT,2018,108.0,105.0,103.1913212371642
Vanuatu,VUT,2019,105.0,107.0,101.80249476958751
Vanuatu,VUT,2020,107.0,124.0,102.27998438596191
Vanuatu,VUT,2021,124.0,105.0,110.50448785295947
Vanuatu,VUT,2022,105.0,100.0,104.93264215660238
World,WLD,2018,211.0,207.0,201.98684898760976
World,WLD,2019,207.0,211.0,197.96455476738473
World,WLD,2020,211.0,242.0,198.16950310978436
World,WLD,2021,242.0,203.0,213.63506385596781
World,WLD,2022,203.0,197.0,201.44512147167964
Samoa,WSM,2018,110.0,111.0,105.26287908713257
Samoa,WSM,2019,111.0,114.0,106.09117184147058
Samoa,WSM,2020,114.0,115.0,107.50094244222683
Samoa,WSM,2021,115.0,110.0,108.7596704930211
Samoa,WSM,2022,110.0,101.0,107.00458382725424
"Yemen, Rep.",YEM,2018,134.0,131.0,129.46084710252546
"Yemen, Rep.",YEM,2019,131.0,135.0,127.84721092519318
"Yemen, Rep.",YEM,2020,135.0,156.0,127.41609838443583
"Yemen, Rep.",YEM,2021,156.0,125.0,138.07567931058406
"Yemen, Rep.",YEM,2022,125.0,118.0,127.76202889245795
South Africa,ZAF,2018,128.0,119.0,126.22633355972054
South Africa,ZAF,2019,119.0,118.0,118.84216207397861
South Africa,ZAF,2020,118.0,191.0,115.0436910896887
South Africa,ZAF,2021,191.0,129.0,149.45514866402246
South Africa,ZAF,2022,129.0,118.0,133.64195901776304
Zambia,ZMB,2018,117.0,103.0,125.81507247535455
Zambia,ZMB,2019,103.0,99.0,109.94764959074543
Zambia,ZMB,2020,99.0,140.0,99.7498177080919
Zambia,ZMB,2021,140.0,89.0,116.39828591153375
Zambia,ZMB,2022,89.0,85.0,98.6248523356188
Zimbabwe,ZWE,2018,386.0,388.0,367.6024022336796
Zimbabwe,ZWE,2019,388.0,380.0,363.1929194879867
Zimbabwe,ZWE,2020,380.0,446.0,358.8712807568455
Zimbabwe,ZWE,2021,446.0,368.0,390.6101346910542
Zimbabwe,ZWE,2022,368.0,358.0,363.78314314737406
